"shipping_providers","average_time","total_order","sum_of_sales"
"dhl","2.9416307063365887","4403","2601748.22"
"bluedart","3.0355351170568562","2392","1379151.64"
"fedex","3.0066917607695525","14346","8352946.29"
