"category_id","category_name","total_sales","per_sale"
1,"electronics","11343909.690002408","89.73142204953352"
6,"Sports & Outdoors","457462.7899999962","3.6185748831932907"
5,"Toys & Games","354165.59000000067","2.8014840474027096"
4,"Pet Supplies","262478.7700000025","2.0762324395684084"
2,"clothing","133775.88000000067","1.0581801403893007"
3,"home & kitchen","90277.8400000005","0.7141064398548044"
